name,last_name,password,email,accept_terms
,,,,
,,,just"not"right@example.com,
,,,this is"not\allowed@example.com,
,,,this\ still\"not\\allowed@example.com,
,,,1234567890123456789012345678901234567890123456789012345678901234+x@example,
,,,plainaddress,
,,,#@%^%#$@#$@#.com,
,,,@example.com,
,,,Joe Smith <email@example.com>,
,,,email.example.com,
,,,email@example@example.com,
,,,.email@example.com,
,,,email.@example.com,
,,,email..email@example.com,
,,,あいうえお@example.com,
,,,email@example.com (Joe Smith),
,,,email@example,
,,,email@-example.com,
,,,email@example.web,
,,,email@111.222.333.44444,
,,,email@example..com,
,,,Abc..123@example.com,