name,last_name,password,email,accept_terms
,targonsk,abcabc,test@email.com,no
!@#$%^,targonsk,abcabc,test@email.com,no
!@#qwe$%^,targonsk,abcabc,test@email.com,no
qwe!@#qwe,targonsk,abcabc,test@email.com,no
123456,targonsk,abcabc,test@email.com,no
qwe123456,targonsk,abcabc,test@email.com,no
123qwe456,targonsk,abcabc,test@email.com,no
123456qwe,targonsk,abcabc,test@email.com,no
123qwe!@#,targonsk,abcabc,test@email.com,no
qwertyuioqwertyuioqwertyuioqwertyuioqwertyuioqwertyuioqwertyuioqwertyuioqwertyuioqwertyuio,targonsk,abcabc,test@email.com,no
qwert asdf a sdaf qw,targonsk,abcabc,test@email.com,no
qwer 123 !@#,targonsk,abcabc,test@email.com,no