name,last_name,password,email,accept_terms
,targonsk,abcabc,test@email.com,yes
Lukasz,,abcabc,test@email.com,yes
Lukasz,Targonski,,test@email.com,yes
Lukasz,Targonski,abcabc,,yes
Lukasz,Targonski,abcabc,as0004d@sda.pl,no
Lukasz,Targonski,abc,as4444d@sda.pl,no
Lukasz,Targonski,ab!@234}{()+_<>?jsJLłc,asss4d@sda.pl,no
Lukasz,Targonski,abc,as@4d@sda.pl,no
Lukasz,Targonski,abc,a"b(c)de:f;g<h>i[j\k]l@example.com,no
Lukasz,Targonski,abc,as@4dsda.pl,no
Lukasz,Targonski,abc,@4d@sda.pl,no
Lukasz,Targonski,abc,as@4d@sda.pl,no
Lukasz,Targonski,abc,sda.pl,no
Lukasz,Targonski,abc,just"not"right@example.com,no
Lukasz,Targonski,abc,this is"not\allowed@example.com,no
Lukasz,Targonski,abc,this\ still\"not\\allowed@example.com,no
Lukasz,Targonski,abc,this\ still\"not\\allowed@example.com,no
Lukasz,Targonski,abc,1234567890123456789012345678901234567890123456789012345678901234+x@example.com,no
,,,,no
Lu2kasz,Targon@ski,abcabc,as0004d@sda.pl,no
123!@#,$%^&!@#,abcderf,jakis@email.com,no